<?xml version="1.0"?>
<!DOCTYPE service-builder PUBLIC "-//Liferay//DTD Service Builder 7.4.0//EN" "http://www.liferay.com/dtd/liferay-service-builder_7_4_0.dtd">

    <service-builder dependency-injector="ds" package-path="cts.employee">
	<namespace>cts</namespace>
	<!--<entity data-source="sampleDataSource" local-service="true" name="Foo" remote-service="false" session-factory="sampleSessionFactory" table="foo" tx-manager="sampleTransactionManager uuid="true"">-->
	<!-- <entity local-service="true" name="Foo" remote-service="true" uuid="true">

		PK fields

		<column name="fooId" primary="true" type="long" />

		Group instance

		<column name="groupId" type="long" />

		Audit fields

		<column name="companyId" type="long" />
		<column name="userId" type="long" />
		<column name="userName" type="String" />
		<column name="createDate" type="Date" />
		<column name="modifiedDate" type="Date" />

		Other fields

		<column name="field1" type="String" />
		<column name="field2" type="boolean" />
		<column name="field3" type="int" />
		<column name="field4" type="Date" />
		<column name="field5" type="String" />

		Order

		<order by="asc">
			<order-column name="field1" />
		</order>

		Finder methods

		<finder name="Field2" return-type="Collection">
			<finder-column name="field2" />
		</finder>

		References

		<reference entity="AssetEntry" package-path="com.liferay.portlet.asset" />
		<reference entity="AssetTag" package-path="com.liferay.portlet.asset" />
	</entity> -->
	<entity local-service="true" name="Employee" remote-service="false" uuid="true">
	<column name="employeeId" primary="true" type="long" />
	<column name="employeeFirstName" type="String" />
	<column name="employeeLastName" type="String" />
	<column name="employeeDob" type="Date" />
	<column name="employeeJob" type="String" />
	<column name="employeeDepartment" type="String" />
	</entity>
</service-builder>